link,title,tags,score
"478322","Как организовать работу с системами контроля версий для разработки нескольких проектов с общей основой?","<git><svn><контроль-версий>","28"
"581929","Код-гольф - Реализация алгоритма выборки комбинаций","<любой-язык><соревнование>","27"
"515898","Найти частичную сумму знакопеременного ряда с факториалом: sum (-1)^k (k + 1) / k!, k=0..n","<алгоритм><математика><любой-язык><соревнование><ряды>","23"
"556929","Работа серверного приложения","<php><node.js><многопоточность><веб-сервер><процесс>","21"
"508524","Хранится ли в конце string терминальный символ?","<c++>","19"
"662460","Почему `git commit --amend` создает новый коммит?","<git>","16"
"810626","Как устроены ключи шифрования Telegram?","<telegram>","15"
"521254","mc.yandex.ru - Что это?","<веб-программирование>","15"
"649810","В чем разница между Passenger, Puma, Webrick и др","<ruby-on-rails><nginx>","14"
"506520","HTML5 – это отдельный язык?","<html5>","14"
"711578","Длина строки в чистом C","<c>","14"
"521576","По каким причинам в Swift 3 будут удалены инкремент и декремент (++ и --)?","<ios><swift>","13"
"782714","Зачем нужны разные типы ссылок в Java?","<java>","12"
"505118","git push ошибка или как пушить origin/local_branch_name на сервер","<git><git-branch>","12"
"490068","Зачем в Java 2 интерфейса: Iterable и Iterator?","<java><ооп>","12"
"708827","Как сделать другой репозиторий ответвлением в текущем?","<git>","12"
"475025","Тернарный оператор","<c++><оптимизация>","12"
"762506","Нужно ли платить за используемые языки программирования?","<веб-программирование>","11"
"589918","GitHub: Разрешить push для репозитория","<git><github>","11"
"625405","Размер типа boolean","<java>","11"
"594956","Является ли перегрузка методов полиморфизмом?","<c#><.net><ооп><терминология>","11"
"728741","Почему пакеты в java принято называть в обратную сторону доменного имени?","<java><package>","10"
"594410","отличие require от require_relative","<ruby>","10"
"670003","Что такое тонкий враппер?","<классы><любой-язык><терминология>","10"
"525428","Haskell аппликативный или нормальный?","<haskell><sicp>","10"
"501557","Безопасность статического сайта","<безопасность>","9"
"763041","Неточный результат при вычислении числа Каталана","<python><python-3.x><числовые-последовательности>","9"
"584752","Как работает функция fork() в C. Не могу понять результат работы программы","<c><процесс>","9"
"477412","После diskpart clean флэшка не отображается в списке дисков","<windows><диск><diskpart>","9"
"501187","Как обрабатываются запросы к БД с несколькими условиями?","<mysql><sql>","8"
"520947","Код из звёздочек","<любой-язык><соревнование>","8"
"639436","You don't have write permissions for the /var/lib/gems/2.3.0 directory","<ruby><bundler>","8"
"501649","Промежуточная загрузка файла","<javascript><html5><файлы><загрузка>","8"
"553242","Нижнее подчеркивание ('_') в C++","<c++>","8"
"589967","Если поле PRIMARY KEY, то NOT NULL не нужен?","<mysql>","8"
"666938","Конвертировать ""#FF00FFFF"" в 0x00FFFFFF","<java><color><hex>","8"
"676220","Java - Тернарный оператор","<java><операторы>","8"
"543045","Audacity, вместо звука воспроизводится шипение и треск","<linux><аудио>","8"
"595157","Как работает mysql?","<mysql><sql>","8"
"551502","RabbitMQ несколько очередей на одного потребителя","<java><rabbitmq>","8"
"558376","Не могу понять задание","<алгоритм>","8"
"520556","Есть ли лицензия на ПО, которая будет распространять его как opensource, но запрещать использование в коммерческих целях?","<лицензирование>","7"
"787237","Можно ли создать свой локальный закрытый git репозиторий?","<git><github>","7"
"432368","Сортировка элементов в Ruby on Rails","<ruby-on-rails><ruby>","7"
"518884","Какие языки программирования компилируются в исполняемый файл?","<компиляция><любой-язык>","7"
"566289","В чем смысл типа char * const* в языке Си?","<c><указатели><const>","7"
"532159","Как браузер дает знать серверу, что он поддерживает HTTP/2?","<http><https>","7"
"491031","Error install react","<javascript><node.js><reactjs><npm>","7"
"720407","Как хранится имя переменной?","<c++><c><типы-данных>","7"
"546644","Для чего нужен код (хэштег) в конце сайта?","<html><url><веб-программирование>","7"
"797037","Работа с памятью при использовании Git","<git><контроль-версий>","7"
"634536","Как запустить Rails-приложение на вебсервере Puma без порта?","<ruby-on-rails>","7"
"637375","Bitbucket - лицензия по умолчанию","<лицензирование><авторские-права>","7"
"627064","Работа промисов","<javascript><promise>","7"
"718919","Наличие 9 бита в байте в современных компьютерах","<ассемблер><битовые-операции>","7"
"556987","Сыпятся ошибки при запуске rails -s","<ruby-on-rails>","6"
"667162","Как можно зашифровать html код?","<javascript><html><css>","6"
"551238","Вопрос касательно методов Ruby","<ruby>","6"
"546251","Тонкая настройка LiveReload под sublime Text3","<sublime-text><sublime-text-3>","6"
"494232","Как в git создать новую ветку и продолжить в ней работать с текущего момента?","<git><git-branch>","6"
"519132","IDE для программирование под Linux","<ide><gcc><g++>","6"
"624858","Правильное именование веток","<git>","6"
"508200","Почему композиция не нарушает Принцип единственной обязанности?","<java><ооп><архитектура><solid>","6"
"520898","Есть название у ""такой"" операции произведения векторов?","<математика><геометрия><терминология>","6"
"638339","Поиск повторяющихся элементов в большом массиве","<java>","6"
"451464","Гем devise + omniauth vkontakte","<ruby-on-rails><gems>","6"
"540263","Как использовать контроль версий в коллективе?","<git><github><контроль-версий>","6"
"759955","async, await - это ключевые слова? С точки зрения модуля keyword - нет!","<python><python-3.x><async-await>","6"
"622777","Обновление ядра на Ubuntu 16","<ubuntu>","6"
"525724","Как расшифровать пароль MYSQL->user->password","<mysql><криптография>","6"
"525451","Как создать сайт со списком решений?","<javascript><html><веб-программирование>","6"
"662774","Как сделать игнор для git pull","<git><git-merge><git-pull>","6"
"583945","Pull request git","<git><github>","6"
"511668","Чем является компонент в контексте архитектуры?","<reactjs>","6"
"644669","PyInstaller выбрасывает IndexError: tuple index out of range ошибку при сборке Python3.6 скрипта в exe","<python><python-3.x><python-3.6><pyinstaller>","6"
"822022","Непонятен принцип работы шаблонных функций","<c++>","6"
"589939","Как работает программа Recuva(HDD)?","<windows>","6"
"516260","Как разбить один коммит на 10 не потеряв код?","<git>","6"
"477322","Как сделать push большого файла более 100 мб","<ios><git><github>","6"
"616835","Политика безопасности","<html><iframe><cross-domain>","5"
"518697","Code golf: Flatten с вставкой дополнительного элемента","<любой-язык><соревнование>","5"
"706364","Зависимости в docker и место на диске","<docker>","5"
"500866","Защита от одновременного редактирования","<c#><sql-server>","5"
"544187","Что такое remotes/origin/HEAD?","<git>","5"
"548888","Зайти на сайт через ISP","<ispmanager>","5"
"709290","Нелицензионный контент и блокировка приложения в Play Market","<android><google-play><playmarket>","5"
"524573","Помогите составить ""дорожную карту"" для Ruby for Web?","<ruby-on-rails><ruby><планирование>","5"
"620728","Решить задачу «Электронные часы» __одной командой__","<любой-язык><соревнование>","5"
"678859","Git. Почему родителями считаются более поздние коммиты?","<git><git-flow>","5"
"533376","Как правильно вставить переменную в запрос?","<golang>","5"
"694845","зачем нужны фреймворки?","<веб-программирование>","5"
"475031","Как реализован счётчик лайков ВКонтакте?","<javascript><jquery><вконтакте>","5"
"478647","Сгенерировать изображения заданного размера","<php><изображения><gd>","5"
"721389","Непонятное поведение all","<postgresql><ruby-on-rails><activerecord>","5"
"580254","Проблема с подсветкой синтаксиса в Sublime Text 3","<sublime-text><sublime-text-3>","5"
"470328","Нам дано рациональное число double. Как выяснить, периодическое оно или нет? - Приближение непрерывными (цепными) дробями","<c++><математика>","5"
"600291","Обмен информацией по WiFi без подключения","<wifi>","5"
"777696","Теряется коммит при создании ветки без названия (dangling commit)","<git>","5"
"482050","npm init для чего нужен entry point: (index.js)","<node.js><npm>","5"
"730316","Как изменить сообщение самого первого коммита?","<git>","5"
"524177","Почему в лямбда выражении не получается поставить фигурные скобки?","<java><javafx>","5"
"498790","Развертывание Rails приложения на хостинге","<ruby-on-rails>","5"
"556698","Падает node.js в Heroku через некоторое время","<node.js><heroku>","5"
"515068","Почему функциональное программирование не так часто применяется для написания игр?","<javascript><разработка-игр>","5"
"803101","Суть платформонезависимости Java","<java><jvm>","5"
"788610","Почему интерпретатор питона не проверяет type hints?","<python><python-3.x><language-lawyer><дизайн-языка><типизация>","5"
"562071","Как подсчитать размер папки FAT","<файловая-система><fat32>","4"
"518672","Code golf: Flatten с вставкой дополнительного элемента","<любой-язык><соревнование>","4"
"652404","Сменить пользователя Git","<git><github>","4"
"515692","Как создать базу данных SQLite без rowid?","<sqlite><sqlite3>","4"
"710474","MySQL не работает внешний ключ","<mysql><sql><foreign-key>","4"
"670114","Вставка множества строк на основе подзапроса","<mysql><sql>","4"
"595354","Сбор статистики частот биграмм","<алгоритм><криптография><статистика>","4"
"667288","Javascript Array.prototype.reduce","<javascript><массивы>","4"
"490713","Почему Функциональное программирование - это самостоятельная парадигма, а не разновидность декларативной?","<ооп><информатика>","4"
"523348","Изображения пропадают с Heroku","<ruby-on-rails><ruby><heroku>","4"
"531959","Хочу полностью удалить ruby и ruby on rails с linux mint(a) и установить с чистого листа","<linux><ruby-on-rails><ruby>","4"
"516321","Дублирование методов в модулях в Ruby","<ruby>","4"
"602515","Объединить несколько похожих классов в один абстрактный","<java><ооп><разработка-игр>","4"
"445875","Как запретить биндить символ знака вопроса в SQL-запросе при использовании PDO в PHP?","<php><postgresql><pdo>","4"
"560591","Проверка строки с датой/временем на корректность в Ruby","<регулярные-выражения><ruby>","4"
"696448","Ruby on Rails Activerecord - id в модели перепутаны","<ruby-on-rails>","4"
"559302","Что такое парциальные шаблоны и как они работают в RoR","<ruby-on-rails>","4"
"645982","Единый код (для расчета цены) на JS и PHP","<php><javascript>","4"
"539803","Наследование и полиморфизм","<java><наследование><объекты><полиморфизм>","4"
"630067","Как печатать каждый n-ый элемент массива в ruby?","<ruby>","4"
"752472","Как удалить из локального коммита изменение в виде удаления папки с файлами?","<git><git-rebase>","4"
"818580","Алгоритм Diffie–Hellman","<php><java><c++><любой-язык><теория>","4"
"582176","PostgreSQL запрос","<postgresql>","4"
"488388","скорость поиска в базе данных","<postgresql>","4"
"674332","Вывести запись где id =null или 6","<sql><ruby-on-rails>","4"
"523857","node.js совместно с nginx","<ubuntu><node.js><nginx>","4"
"548824","Загрузка pdf файла с сервера node","<pdf><node.js>","4"
"563116","Как в Atom заставить разворачиваться конструкцию emmet-а ""div.class"" по табуляции в php файлах?","<php><html><atom><emmet>","4"
"758606","Получить DateTime в формате ISO 8601","<c#>","4"
"637169","В чем отличие между деревом разбора и абстрактным синтаксическим деревом?","<компилятор><грамматика><деревья>","4"
"796357","Чем отличается api от sdk?","<api><терминология><sdk>","4"
"742306","Постоянное SSH соединение","<ruby-on-rails><ruby><ssh>","4"
"668018","В чем разница между WHERE и HAVING в PostgreSQL?","<sql><postgresql>","4"
"462228","Одинаковые имена полей с разным типом в JSON","<java><android><json><rest>","4"
"437468","Как объединить root и обычное приложение?","<android>","4"
"547350","После закрытия Putty звершается фоновый процесс","<linux><putty>","4"
"530348","Есть ли смысл регулярно менять крупный (30 символов?) ключ доступа к секретному файлу?","<php><шифрование>","4"
"743765","Подключаем реакт. Uncaught SyntaxError: Unexpected token <","<javascript><reactjs>","4"
"668644","Не работает сохранение из base64 в изображение","<ruby>","4"
"514870","переместить файлы из одного репозитория в другой с историей коммитов","<git><github><git-commit>","4"
"775296","""Структура данных «Массив» имеет фиксированный размер"". Это всегда так?","<массивы><структуры-данных><динамические-массивы>","4"
"592483","сравнения в Ruby","<ruby>","4"
"562453","как работает вывод в консоль (nodejs)","<node.js><terminal>","4"
"540185","rails puma постоянный рост используемой памяти","<ruby-on-rails><веб-сервер>","4"
"563499","golang: текст в struct поле типа int","<golang>","4"
"717896","Каким методом передается http-запрос в форме и без формы?","<http><post><запрос><get><методы>","4"
"639791","Удаление символов из текста","<ruby>","4"
"764919","Сайт это тоже API?","<веб-программирование><api><терминология>","4"
"532817","Могут ли сосуществовать VMWare и Hyper-V?","<xamarin><vmware><hyper-v>","4"
"566586","Как сделать только один коммит из локальной ветки в remote","<git><git-rebase>","4"
"568050","Почему CHECK не работает в MySQL?","<mysql><sql>","4"
"766589","Как задать позицию (место) потенциального переноса (разрыва) слова, если оно не войдет в TextView по ширине?","<android><android-studio><строки>","4"
"495092","Primary key: отдельное поле ID или ключ по 2м полям?","<mysql><sql>","4"
"631185","Надо сграбить сайт в странной кодировке","<кодировка><ruby><кириллица><cp1251><nokogiri>","4"
"486953","Использование 2 камер android одновременно","<java><android>","4"
"474568","Условный оператор if на Clojure","<lisp><clojure>","4"
"755889","Windows (+VirtualBox) не видят intel VT-x","<windows><windows-10><virtualbox><hyper-v>","4"
"506268","Как получить объекты из двух вложенных ассоциаций (со скоупом) одним списком?","<ruby-on-rails><activerecord>","4"
"512310","Go html template","<html><golang>","4"
"470136","Почему перестал работать выход с сайта Rails (devise)?","<ruby-on-rails><devise>","4"
"514762","Rails + Devise + Angular2: аутентификация","<ruby-on-rails><безопасность><devise><csrf><angular2>","4"
"580210","Вся правда о символах","<ruby>","4"
"512234","Как применить html/css к radio-кнопкам в rails-форме?","<html><css><ruby-on-rails>","4"
"510806","Почему правила именования BEM не использует теги и атрибуты?","<css><бэм>","3"
"565125","Когда использовать path в link_to?","<ruby-on-rails>","3"
"509064","Какая разница между двумя строками кода?","<ruby-on-rails>","3"
"539498","Как валидировать на равенство одному из значений?","<ruby-on-rails><ruby>","3"
"524916","В чем разница между двумя вариантами создания ассоциации?","<ruby-on-rails><orm><activerecord>","3"
"508487","Как передать на golang функцию в функцию?","<golang>","3"
"492128","Обмен данными между двумя клиентами (браузерами)","<веб-программирование><передача-данных>","3"
"489961","CSRF-токен в куках","<php><алгоритм><cookie><защита><csrf>","3"
"504492","Вопросы по docker'у","<linux><docker>","3"
"563422","Менеджмент front-end зависимостей на Ruby","<ruby><gems><dependencies>","3"
"509707","Авторизация через социальные сети: выход","<php><авторизация><oauth2>","3"
"540027","Понимание систем контроля версий","<контроль-версий>","3"
"562402","Типизация - языки со ""множественной типизацией"" (union types) аргументов методов?","<php><ооп><любой-язык><теория-типов>","3"
"508580","после checkout все изменения остаются как в старой ветке","<git><git-branch>","3"
"499645","Диалоговое окно для удаления приложения","<android>","3"
"464389","Роуты и категории rails","<ruby-on-rails>","3"
"604254","Rails: scope из модели в self","<ruby-on-rails><scope>","3"
"803316","MD5 в текстовом режиме?","<linux><bash><linux-mint><md5>","3"
"487396","CIDER ругается на nRepl после обновления пакетов в Emacs","<package><emacs><clojure><cider>","3"
"443330","Как сделать каждое слово в кириллической строке с заглавной буквы?","<ruby>","3"
"567776","Представить число в виде суммы последовательных слагаемых","<c++><алгоритм>","3"
"627398","Как получить посты, у которых нет категорий?","<ruby-on-rails>","3"
"515192","SQL обновление нескольких записей одним запросом","<sql><postgresql>","3"
"464402","Как правильно найти пост внутри категории?","<ruby-on-rails>","3"
"604950","Можно ли транслировать из C++ в Haxe?","<c++><haxe>","3"
"573522","Как принять pull request частично?","<git><github>","3"
"711605","Golang Бесконечный цикл и загрузка ЦП","<golang>","3"
"562244","Можно ли запустить nodejs и python сервера на одном порту?","<python><node.js><django><сервер><koa.js>","3"
"569916","Как устроен RAIL - жизненный цикл приложения?","<javascript><производительность>","3"
"488846","Что делает этот фрагмент кода c `sys.stdin`?","<python>","3"
"744704","Как в Ruby при создании объекта класса сохранить в массив созданных объектов?","<ruby>","3"
"592820","Как получить ключ GPG?","<linux><ubuntu><gpg>","3"
"709728","Как в Гите настроить отдельную папку для просмотра истории проекта?","<git>","3"
"651645","Clojure, lein и запуск jar","<jar><clojure>","3"
"589902","Массивы Javascript","<javascript>","3"
"685762","Переключится на ветку Git","<git><github><git-branch>","3"
"617782","Как в ruby создавать txt файл с переменной в названии?","<ruby>","3"
"521757","Почему не устанавливается Postgresql?","<postgresql>","3"
"747877","Как вычислить сумму массива чисел на Swift (аналогично примеру на Ruby)","<swift><ruby>","3"
"479989","undefined method `permit' for ""#<Flight:0xdb2b88c>"":String","<ruby-on-rails><ruby><rspec>","3"
"586278","WebSocket - Как правильно хранить соединения?","<javascript><node.js><сервер><websocket>","3"
"519962","Русскоязычные книги для изучения RSpec Ruby","<ruby><rspec>","3"
"806406","Определение типов","<c++>","3"
"492189","Правила именования миграций,таблиц в Rails","<ruby-on-rails>","3"
"501934","Как сделать pull request в определенную ветку, чтобы он не сливался с другими pull'ами?","<git><github><git-branch><git-checkout>","3"
"646933","Как получить SHA последнего коммита?","<git><bitbucket>","3"
"564319","Почему пишет cannot load such file?","<ruby-on-rails>","3"
"743289","Как сделать, чтоб срабатывала 2 исключения сразу?","<ruby><исключения>","3"
"706234","Docker. Образ python","<docker>","3"
"491087","В каких ветках есть локальные изменения","<git><git-branch><git-remote>","3"
"561782","Как лучше работать с конфигурациями в Ruby","<ruby><config><configuration><best-practice>","3"
"482012","Compass Sass vs gulp","<javascript><gulp><sass><compass>","3"
"636472","Будьте толмачем. Template Toolkit -> ERB RUBY","<ruby><шаблоны><erb>","3"
"669281","Можно ли хостить один домен на нескольких хостинг площадках?","<веб-программирование><dns><hosting>","3"
"583413","Как объединить два массива из хешей в один, не дублируя одинаковые значения?","<ruby>","3"
"745140","Изменение модификатора доступа при переопределении","<java><ооп>","3"
"670569","Вычисление кубического корня в sympy","<python-3.x><sympy>","3"
"611467","Как вернуть ключ разработчика?","<android-studio>","3"
"534097","Принципиально ли различие версий Debian?","<debian><virtualbox>","3"
"495784","Что делает метод build?","<ruby-on-rails>","3"
"606291","Rails валидации","<ruby-on-rails><валидация>","3"
"548321","Веб из PHP в Ruby","<php><ruby-on-rails><ruby>","3"
"777348","PHPMailer: Как в тело письма встроить Youtube видео?","<php><html>","3"
"486439","USB флешка с FAT32 + EXTfs под Linux-ом","<linux><ext4><fat32><flash-память>","3"
"543619","Как работает AntiForgeryToken? Мне кажется я могу его подделать","<csrf>","3"
"503927","Rails validates uniqueness для PostgreSQL JSON type","<ruby-on-rails><postgresql>","3"
"529236","Google Chrom не пускает на сайт с не подписанным сертификатом","<google-chrome><ssl><https>","3"
"745187","Был утерян электронный ключ подписи приложения Android","<android>","3"
"435037","Как узнать ID пользователя, заходившего на мой сайт?","<javascript><vkontakte-api>","3"
"482428","Как правильно подключить Susy?","<css><sass>","3"
"653840","spree footer image path ошибка","<html><ruby-on-rails><spree>","3"
"565507","Обьясните в чем разница между symbol и string","<ruby>","3"
"778725","Если я прекращу подписку Github станет ли мой репозиторий публичным?","<github>","3"
"507427","Проблема с миграцией базы данных на postgres","<ruby-on-rails><postgresql>","3"
"666379","Windows. Возможно ли забиндить по нажатию клавиши taskkill?","<windows><binding><процесс>","3"
"561355","Отключение регистрации в gem devise","<ruby-on-rails>","3"
"642493","Как соединить две окружности прямой","<c#><графика>","3"
"552698","Rails 4.2.6. - Как создать миграцию с Хранимыми процедурами?","<mysql><ruby-on-rails><procedure>","3"
"646971","Измерить время выполнения функции в Ruby","<ruby>","3"
"554474","Бесплатные программы проектирования ERD","<проектирование>","3"
"533414","Проектирование БД: сетевые связи","<база-данных>","3"
"544722","Использовать терминал с сессией через Ruby","<linux><ruby><shell><terminal><exec>","3"
"532751","Rails 4.2.6 Проблемы с сохранением JSON поля Postgresql","<json><ruby-on-rails><postgresql>","3"
"622248","Что означает if r, err := f1(i); err != nil в GoLang?","<golang>","2"
"608784","Какой условный оператор использовать, для того чтобы программа не заканчивалась?","<ruby>","2"
"623865","Не могу разобраться с зависимостями в гемфайле","<ruby-on-rails><gems>","2"
"523089","Автозапуск всех контейнеров в docker","<linux><docker>","2"
"577106","Как включить отображение ошибок в консоле?","<ubuntu><ruby-on-rails><nginx>","2"
"527665","Как сделать проверку существования записи?","<ruby-on-rails>","2"
"544740","Как правильно рендерить страницы с ошибками в Rails?","<ruby-on-rails>","2"
"660970","Как сделать references с одного поля на несколько таблиц в PostgresSQL одновременно?","<postgresql>","2"
"608951","Null не появляется в schema.rb после миграции","<ruby-on-rails><миграция>","2"
"476996","Google Play Services sign in","<android><google-play><google-play-games>","2"
"639369","Валидация на равенство двух значений","<ruby-on-rails><валидация>","2"
"661246","является ли функция SUBSTRING(); ""чистым"" sql-92","<mysql>","2"
"706684","Как организовать Pre-receive Hooks на GitHub?","<github>","2"
"651208","Как запретить удаление определенных записей?","<ruby-on-rails>","2"
"519221","Code golf: Flatten с вставкой дополнительного элемента","<любой-язык><соревнование>","2"
"666312","Переименовать ключи в хэше ruby","<ruby>","2"
"499206","Сохраняет ли HSQLDB данные в БД если работает In memory внутри веб-приложения","<java><база-данных><hibernate><web-apps>","2"
"477647","Условия вывода для LEFT JOIN","<sql><postgresql>","2"
"622572","Как в slim правильно написать ""end.empty""?","<ruby-on-rails>","2"
"531769","Можно ли подключить SSL только для одной страницы сайта?","<https><ssl>","2"
"684077","Куда подевались ресурсы?","<ruby-on-rails><webpack>","2"
"524634","Преобразование заданных типов","<golang>","2"
"676365","SHA256 хеш функция","<sha>","2"
"536052","ActiveRecord: как производится изменение записи в базе данных?","<sql><ruby><activerecord><sinatra>","2"
"496703","Вопрос по emmet в sublime text","<sublime-text>","2"
"585080","Как разместить бота на heroku?","<python><python-3.x><telegram-bot><heroku>","2"
"594840","Как можно вывести массив времени?","<ruby-on-rails>","2"
"553661","Rails gem Reform отображение ошибок","<ruby-on-rails><форма>","2"
"572280","ActiveRecord: как обеспечить записи время жизни?","<ruby-on-rails>","2"
"520054","самый короткий перебор паролей","<соревнование>","2"
"680196","Что значит ""добавить изменения в upstream""?","<терминология>","2"
"773317","Как выбрать НЕ уникальный элементы массива","<ruby>","2"
"602556","Как прописать в Linux путь для нахождения библиотеки в jar?","<java><linux>","2"
"629462","Ruby ob Rails rake aborted","<windows><ruby-on-rails><openserver>","2"
"847505","Как обойти два массива параллельно?","<ruby>","2"
"549622","Access.log в Apache","<apache>","2"
"698261","Каскадное удаление в postgres","<sql><postgresql>","2"
"672950","Пересечения массивов с хэшами","<ruby>","2"
"808294","Как работать с конкурирующими запросами в Rails?","<ruby-on-rails>","2"
"567599","Создание объекта, принадлежащего нескольким связям разом","<ruby-on-rails>","2"
"606926","Как осуществить перевод куска кода LESS в SCSS?","<css><scss><less>","2"
"759158","Асинхронность в браузере","<браузер><асинхронность>","2"
"480942","Rails 1 контроллер для 2х моделей?","<ruby-on-rails>","2"
"549643","Не ставится gem jazz-hands","<ruby-on-rails><ruby><gems>","2"
"643349","Обновление функционала после пул реквеста","<git><git-pull><git-flow>","2"
"708497","Может ли Heap Sort копировать все элементы?","<java><алгоритм>","2"
"568014","Как составить запрос ActiveRecord","<ruby-on-rails><activerecord>","2"
"499639","NodeJS не открывает файл .js","<node.js>","2"
"761257","unknown attribute 'description' for Post","<ruby-on-rails><activerecord>","2"
"634244","Cannot eagerly load the polymorphic association :image","<ruby-on-rails>","2"
"850738","Способ поиска по результатам анкетирования (по таблице многие ко многим)","<mysql><sql>","2"
"561858","Оператор сравнения в Ruby","<ruby><c++>","2"
"784698","Запуск второй ОС","<windows><ubuntu><os><dual-boot>","2"
"583883","Написание высокопроизводительного REST endpoint","<ruby-on-rails><rest>","2"
"450304","Аналог first_or_create для has_one","<ruby-on-rails>","2"
"510168","Как перевести этот тест из should-синтаксиса в expect-синтаксис?","<ruby-on-rails><ruby><rspec>","2"
"627245","Ruby on Rails: Как правильно создать модели и миграции?","<ruby-on-rails><ruby>","2"
"635876","Верхняя гамма функция","<ruby><math>","2"
"686769","Как работает SSL в мобильных приложениях?","<алгоритм><ssl><шифрование><сертификат>","2"
"442898","Переход по прямой ссылке","<javascript><jquery><ajax>","2"
"536276","Ошибка при запуске локального сервера на Clojure в IntellijIDEA","<clojure>","2"
"697597","Где лучше развернуть админку?","<админка>","2"
"745157","Русскоязычный вариант для термина slug","<терминология><faq>","2"
"634337","Rails SQLite3::ConstraintException: UNIQUE constraint failed: index 'index_users_on_reset_password_token'","<ruby-on-rails><devise>","2"
"640197","Выборка данных из нескольких таблиц","<mysql>","2"
"574303","Доступ по ssh с другой машины","<git><bitbucket>","2"
"574805","Можно ли сохранить изменения в *.html файле?","<javascript>","2"
"444084","Ассоциативный массив в js","<javascript><json>","2"
"504960","постфиксный и префиксный ++","<c++>","2"
"487072","sass математические операции","<sass><препроцессор>","2"
"504151","Electron. Как понять какой файл открыт программой?","<electron>","2"
"756058","Перенос коммитов из одной ветки в середину другой","<git><git-branch>","2"
"518203","Стандартные библиотеки LLVM C++ и GNU C++ имеют разные заголовки","<c++><xcode><llvm>","2"
"519084","Определение местоположения Android с высокой точностью","<android><google-api><android-location>","2"
"682869","Как получить свой проект с git'a","<git><github>","2"
"444136","Как использовать все команды Redis из под NodeJS?","<node.js><redis>","2"
"617294","Вывод ассоциаций","<ruby-on-rails>","2"
"491016","Обновление связей при кешировании Rails","<ruby-on-rails><memcached><кэширование>","2"
"625587","Ruby on rails MVC","<javascript><ruby-on-rails>","2"
"497638","Настройка Github и PHPStorm","<git><github><phpstorm>","2"
"542384","Очередь к базе данных","<база-данных><многопоточность><ruby>","2"
"545145","Есть ли в Rails возможность использовать ресурсы с параметром, отличающимся от id?","<ruby-on-rails>","2"
"708835","Поиск PersistentArrayMap по части ключей","<clojure>","2"
"566185","Запрос Active Record","<ruby-on-rails><activerecord>","2"
"495010","Трудности с установкой HSQLDB","<база-данных><установка><настройка>","2"
"484202","failed to @extend "".class"". The selector "".class"" was not found","<ruby-on-rails><sass><scss>","2"
"591222","Как изменить в редакторе Atom вид комментария в css и sass/scss файлах?","<css><atom>","2"
"600685","Обход блокировки по IP на ресурсе","<c#>","2"
"539065","Ruby 'require' error: cannot load such file","<ruby-on-rails>","2"
"558979","Разница между полями в выборке","<ruby-on-rails><ruby>","2"
"647176","Ошибка private method `new' called for Prime Ruby","<ruby>","2"
"557254","Как правильно организовать защиту сервиса?","<java><spring-security><oauth2>","2"
"510382","Автокомплит переменных в Sublime Text","<sublime-text>","2"
"742886","вывод в show из соединительной таблицы","<ruby-on-rails>","2"
"436382","Как вывести элементы двух моделей в одном списке? RAILS","<ruby-on-rails>","2"
"557275","Как сделать эффект колокольчика?","<css3>","2"
"574055","Получение данных из внешней базы в Rails","<mysql><ruby-on-rails><ruby>","2"
"436265","Функция с точкой в названии","<ооп><ruby>","2"
"525007","Что является best-practice'ом интернационализации flash'ей?","<ruby-on-rails><i18n>","2"
"445886","Куда передаёт блок yield в Rails приложении?","<ruby-on-rails>","2"
"511172","Node js сервер ребут при обновлении сайта","<node.js>","2"
"767235","Как работает sleep()?","<sleep>","2"
"582525","Как строятся справочные системы?","<sql><база-данных><алгоритм><словари>","2"
"597267","Ruby: разобрать строку в хэш","<ruby>","2"
"824216","ssh-keygen -R server_name - удаляет информацию о ключах с локального ПК или с сервера тоже?","<ssh><ssh-key>","2"
"519137","Как работают фабрики в тестах rspec?","<ruby-on-rails><rspec>","2"
"510016","Как сделать копию базы?","<sql><linux><postgresql>","2"
"601524","Как заставить Jekyll на Github Pages компилить Jade (Pug)?","<jade><jekyll><pug>","2"
"511614","что такое неделимая операция семафора?","<c++>","2"
"482739","LinuxOS для Ruby, Node-npm, webpack и react","<linux>","2"
"575283","Проблема с IF в ruby","<ruby>","2"
"592706","Rails Association has_many has_many","<ruby-on-rails>","2"
"514742","rewrite vk mp3 и воспроизведение браузером","<.htaccess><mod-rewrite>","2"
"502056","подмена referer в новом окне при переходе по ссылке","<javascript><html>","2"
"563496","Можно ли опубликовать на сайте GUI программу на Python?","<python><django><gui>","2"
"629192","Многозадачность компьютеров","<многопоточность><таймер><ос>","2"
"637246","В чем особенность применения блока transaction (AR)?","<ruby-on-rails>","2"
"639316","Как вывести text_field_tag для модели?","<ruby-on-rails>","2"
"606425","redis как просмотреть список всех баз?","<redis>","2"
"648199","где находятся файлы обьектов базы данных на сайте на Rails","<база-данных><файлы><ruby-on-rails><postgresql><восстановление>","1"
"505854","Полиморфная связь один ко многим","<ruby-on-rails><activerecord>","1"
"630779","не отображаются изображения, загруженные paperclip-dropbox","<ruby-on-rails><paperclip>","1"
"601923","CRUD app Ruby on Rails?","<ruby-on-rails>","1"
"511187","Выбор типа связи и реализации функции ""добавление в друзья"" с подтверждением","<ruby-on-rails><orm><crud><связи>","1"
"520154","Как исправить ошибку при миграции БД на Heroku?","<ruby-on-rails>","1"
"556351","Не сохраняет привязанную модель через form_for","<ruby-on-rails>","1"
"745688","Контейнеры Docker на одном порту","<docker>","1"
"530090","Out off heap storage","<golang>","1"
"625709","Как в Filterrific не сохранять фильтры пользователя?","<ruby-on-rails><ruby><gems>","1"
"508517","Проблема с аутентификацией через OmniAuth Вконтакте","<ruby-on-rails><vkontakte-api><heroku>","1"
"728279","Есть точка внутри круга, как найти ближайшую к ней точку на круге","<javascript><алгоритм><математика><typescript><геометрия>","1"
"515536","Среда разработки для Go","<golang><ide>","1"
"520184","Mysql две таблицы, два первичных ключа, джоин, не работает индекс","<mysql><myisam>","1"
"444995","Импорт csv файла в sqlite с помощью sqlite3.exe (андроид)","<android><sqlite3>","1"
"502805","Размещение сайта в iframe","<javascript><html><iframe>","1"
"659392","Валидация rails","<ruby-on-rails><валидация>","1"
"478331","Проблема установки Ruby через RVM на Raspberry Pi","<linux><raspberry-pi>","1"
"512303","Как мне преобразовать уголы рыскания (yaw), тангажа (pitch) и крена (roll) в матричные преобразования в Irrlicht?","<c++><opengl>","1"
"605078","Rails прикрепление файла к форме","<ruby-on-rails>","1"
"588823","Проблема с маршрутом. Ошибка No route matches [POST] ""/users/14/edit""","<ruby-on-rails>","1"
"522445","Ошибка public_key is a required field при подключении liqpay","<ruby-on-rails>","1"
"452241","Devise Не редиректит после авторизации","<ruby-on-rails><devise>","1"
"506727","Как получить значение scope?","<ruby-on-rails>","1"
"668660","Как создать JoinTable с id типа не Integer?","<ruby-on-rails>","1"
"587932","Как исправить сортировку полученных данных из БД?","<ruby-on-rails><postgresql><ruby>","1"
"495051","Rail создание связанных моделей","<ruby-on-rails>","1"
"595766","Как взять имя нового установленого приложения в IPhone","<swift>","1"
"601085","Правильно ли я понимаю инкапсуляцию и понятия объекта?","<java><c#><ооп><шаблоны-проектирования><uml>","1"
"646420","undefined local variable or method Ruby","<ruby>","1"
"459903","Rails 4 Rspec undefined method `patch'","<ruby-on-rails><rspec>","1"
"624787","Как в ruby создаётся обмен данными между двумя пользователями?","<ruby-on-rails>","1"
"470949","Ruby on Rails Paperclip gem nested form проблема с сохранением","<ruby-on-rails>","1"
"473636","Передача параметров в build при сохранении в Ruby on Rails","<ruby-on-rails>","1"
"495059","Как получить названия месяцев на украинском языке?","<php><linux><locale>","1"
"595774","Как проверить наличие русского или английского текста?","<регулярные-выражения><ruby-on-rails><postgresql><ruby>","1"
"484845","Настройка загрузчика изображений CarrierWave","<ruby-on-rails><ruby>","1"
"526617","Копирование файлов при сборке контейнера Docker","<docker>","1"
"596869","Вывод всех твитов c помощью гема twitter","<ruby><twitter>","1"
"508991","Не перейти к диску в консоли через SSH соединение","<ssh><криптография><ssl>","1"
"578162","Как посчитать контрольную сумму бд?","<java><android><mysql><sqlite>","1"
"593287","Отправить письмо на емайл","<ruby-on-rails><email>","1"
"500263","Как прочитать содержимое файла","<javascript>","1"
"725384","Переполнение метода initialize в ruby","<ruby><полиморфизм>","1"
"485911","Почему семантика и системы типов очень важны?","<информатика><семантика><теория-типов>","1"
"529383","Создание обязательной с обеих сторон связи в mySQL","<mysql><база-данных>","1"
"478517","git push в указанный репозиторий","<git><github>","1"
"487445","Разделение проекта?","<php><apache><angularjs><laravel>","1"
"446045","Ассоциация :has_many","<ruby-on-rails>","1"
"593853","Почему некорректно отображает views (sinatra)?","<ruby><sinatra>","1"
"790508","Почему не выполняется ruby-файл в VS Code во вкладке ""Вывод""?","<ruby><visual-studio-code>","1"
"615320","Почему не выбирается значение в select-e","<golang>","1"
"507080","node.js restapi как проверять данные?","<node.js><rest>","1"
"540214","Можно ли преобразовать haml в html в том же файле (как в случае с Emmet)?","<html><haml>","1"
"479178","Есть ли готовые примеры выдачи ошибок компиляторами?","<java><c#><c++><компилятор><компоновщик>","1"
"495889","Нужен ли веб-сервер для локального запуска приложения?","<веб-сервер>","1"
"570534","Варианты использования rails new --javascript и rails new --skip-javascript","<ruby-on-rails>","1"
"813342","Запуск node.js на 443 порту за nginx (nginx как обратный прокси-сервер)","<linux><node.js><nginx><debian>","1"
"794151","Программирование, одновременное выполнение кода","<php>","1"
"744665","Ruby тестирование query object","<ruby-on-rails><ruby><rspec>","1"
"744467","Ошибка LoadError on line [""59""] компиляции gulp-compass","<css><gulp><npm><compass>","1"
"540231","Как реализовать сортировку при рендеринге Rails?","<ruby-on-rails>","1"
"600208","Как хранить уникальные значения в таблице MуSQL?","<mysql><база-данных><архитектура>","1"
"475392","Как разрешается конфликт имён в Ruby?","<ruby>","1"
"439582","Gem::FilePermissionError при bundle install","<ubuntu><ruby>","1"
"706270","Перехват html, генерируемого web-сервером перед отправкой","<php><nginx><ruby><passenger>","1"
"640855","Как подружить Filterrific и default_scope?","<ruby-on-rails>","1"
"600182","Организация полнотекстного поиска","<база-данных><полнотекстовый-поиск>","1"
"486442","Как решить проблему с путями установки ruby, rvm на Ubuntu 14.04?","<ubuntu><ruby-on-rails><ruby>","1"
"664177","Rails rspec выводит слишком много","<ruby-on-rails><ruby><юнит-тесты><rspec>","1"
"530315","push в приложении gitkraken","<git><git-push>","1"
"483850","Как лучше всего бороться с дубликатами?","<ruby-on-rails><ruby>","1"
"480956","Запись в БД множества параметров","<sql><ruby-on-rails><sqlite>","1"
"803136","Технический вопрос по устройству передачи файлов с фронта на бэк","<php><javascript><formdata>","1"
"561072","Проблема преобразования кириллицы в Ruby","<кодировка><ruby>","1"
"499552","Как создать контроллер для параметра?","<ruby-on-rails><crud>","1"
"477223","Удалить все два идущих подряд одинаковых символа из строки","<visual-c++><алгоритм><c++>","1"
"571103","Как отключить PATCH запросы в Rails?","<ruby-on-rails>","1"
"533748","node http-server не находит папку","<javascript><node.js><angularjs>","1"
"479039","Не рисует в Win32Api?","<c++><winapi><keydown>","1"
"595440","отправка письма на NodeJs","<node.js>","1"
"524120","Rails (gem bcrypt), has_secure_password, как сравнить значение со значением в БД?","<ruby-on-rails>","1"
"670587","Необходимо вытянуть актуальнуюю цену(по дате) из БД (PostgtreSql)","<база-данных><postgresql>","1"
"634965","Как мне исправить ошибку метода undefined method `call' for ""ы\n"":String (NoMethodError)","<ruby><методы>","1"
"607057","Что означает запись/оператор ""::"" в строке вида ""Prawn::Table""? (scope resolution operator)","<ruby>","1"
"624198","Rails, не сохраняется новый объект в базу","<ruby-on-rails>","1"
"536852","Вывод на экран с помощью obj.inspect (в консоли)","<ruby>","1"
"717486","Как получить разницу между времененными промежутками","<ruby-on-rails><ruby>","1"
"475905","Git status неверно отображает статус","<git>","1"
"524129","Разве безопасно хранить auth-токен пользователя в куках?","<ruby-on-rails><авторизация><шифрование><пароль>","1"
"701153","Как получить конкретную ветку (или хеш коммита) на дату и время?","<git>","1"
"635031","ReactJS транспайлеры без node","<windows><reactjs>","1"
"494297","Принцип работы метода Sort","<массивы><ruby><сортировка>","1"
"514332","Можно ли использовать typescript без requireJS?","<javascript><typescript>","1"
"643205","INSERT has more target columns than expressions","<sql><postgresql><insert>","1"
"712369","передача файла и переход на страницу","<ruby-on-rails>","1"
"493896","Возможность програмирования на планшете","<android>","1"
"647957","Сборка шаблона файла с помощью rake","<ruby><инспекция-кода><rake>","1"
"571341","Дэфолтная база данных в операционной системе","<база-данных>","1"
"510843","Как динамично определять class_name для связи has_many, используя одинаковые таблицы разных engines","<ruby-on-rails><ruby>","1"
"498262","Rails получение значения переменной","<ruby-on-rails>","1"
"757846","Join трех таблиц","<ruby-on-rails><activerecord>","1"
"525756","Как правильно разобрать XML если в тексте внутри тэгов есть переносы строк?","<xml>","1"
"695103","Убрать функция ().call(this) в CoffeeScript на Ruby on Rails","<ruby-on-rails><ruby><coffeescript>","1"
"738937","Как найти все sparse-файлы на диске?","<.net><windows><файлы><ntfs>","1"
"646897","Ruby on rails: большое условие в контроллере","<ruby-on-rails><ruby><инспекция-кода>","1"
"728375","Как перезапустить PHP в режиме CGI?","<php><cgi>","1"
"504385","Cron в облаке OpenShift","<cron><openshift>","1"
"697145","Rails 5 Heroku set port","<ruby-on-rails><ruby><heroku>","1"
"584365","проблема с JSON при подключении отдельного файла","<javascript><ruby-on-rails>","1"
"648341","Можно ли сгруппировать запрос в блоки по 3 результата?","<ruby-on-rails>","1"
"550837","Удаление элемента из <ActiveRecord::Relation","<ruby-on-rails><ruby><activerecord><active-record>","1"
"623877","User has_one avatar, но book has_many covers, как сделать?","<ruby-on-rails><activerecord>","1"
"535762","CTE рекурсия, не понимаю как работает","<sql-server><рекурсия><дерево><списки><inner-join>","1"
"491385","Sphinx поиск по всему сайту rails","<ruby-on-rails><sphinx>","1"
"749040","Возможно ли убрать поля ""Content-Type"" и ""Content-Length"" из заголовка http-ответа, используя библиотеку libevent?","<http><веб-сервер><libevent>","1"
"701702","clojure (println ""sometxt"")","<webbrowser><clojure>","1"
"851002","Неизменяемые объекты","<python><типы-данных>","1"
"523497","Docker контейнеры, php и exec() – как держать 1 процесс в 1 контейнере?","<php><архитектура><docker>","1"
"551880","Роутинг node js","<javascript><node.js><apt-get>","1"
"508239","Работа с датами в Ruby","<ruby>","1"
"535799","HTTP_USER_AGENT Mozilla - в Safari, и Chrome","<php>","1"
"751184","В чем разница между Digest и Hash в OpenSSL?","<хеширование><openssl>","1"
"557449","валидация данных в Rails","<mysql><ruby-on-rails>","1"
"828810","При отправке формы данные не сохраняются и экшн show выводит пустой шаблон","<ruby-on-rails>","1"
"652293","Как добавить данные в массив","<ruby>","1"
"495475","Как правильно решается проблема с маршрутом?","<ruby-on-rails>","1"
"777640","Ошибка при установке SASS в OS Windows","<windows><sass><install>","1"
"759877","Memcached - сохранность данных в ОЗУ","<memcached>","1"
"530245","Rails Models Validates for JSON type","<ruby-on-rails>","1"
"499193","Динамический роутинг без params","<ruby-on-rails>","1"
"445165","Настройка smtp Yandex в Rails","<ruby-on-rails><яндекс><smtp>","1"
"435784","Файл сервер на golang","<golang>","1"
"666385","Как скопировать содержимое двух репозиториев в один?","<html><css><git><github>","1"
"499196","Rails артефакт при изменении расположения элементов во view","<ruby-on-rails>","1"
"713141","Как объединить два массива подмассива если первые элементы одинаковые?","<ruby>","1"
"635749","Миграция базы на Heroku","<ruby-on-rails><postgresql><heroku>","1"
"521286","Получение изображения JavaScript","<javascript>","1"
"535299","Как сервер должен удалять поля в update action?","<ruby-on-rails>","1"
"589485","Можно ли превратить unlogged table в НЕ unlogged table?","<postgresql><postgresql9.5>","1"
"528569","Вывод графиков в GFortran","<график><fortran>","1"
"777201","HTTP: Параметры пути","<http>","1"
"652948","Как добавить в unicorn правило-исключение для определенного урл?","<ruby-on-rails><ruby>","1"
"545328","Как получить случайное время вида hh:mm","<ruby>","1"
"541116","Почему не срабатывает скрипт (ошибка ActionController::UnknownFormat)?","<ruby-on-rails>","1"
"543219","Ошибка Missing template questions/update в тесте Rspec","<ruby-on-rails><rspec>","1"
"481084","Как передать base64 кодированную строку через GET?","<php><http><url><base64>","0"
"841899","Ошибка RubyOnRails приложения при деплое на Heroku","<ruby-on-rails>","0"
"581892","Удаление папки с файлами","<ruby>","0"
"623874","Можно ли передать в after_destroy_commit данные удаляемой строки?","<ruby-on-rails>","0"
"655693","results_as_hash возвращает массив с хэшами","<ruby><sqlite3>","0"
"595811","Rails NewRelic Recording with Capistrano 3.x","<ruby-on-rails><gems><capistrano>","0"
"526646","Роутинг в RoR на статическую страницу","<ruby-on-rails>","0"
"672487","Кириллица в Ruby 1.9.2","<ruby>","0"
"605235","Ограничения лицензии продукта PostgreSQL от EnterpriseDB","<postgresql><лицензирование>","0"
"598109","Ruby очистка хеша","<ruby><хеширование>","0"
"444430","Immediate Subtraction in MIPS Assembly","<ассемблер>","0"
"764209","Net::HTTP отправка запроса xml","<ruby>","0"
"715549","Создание архива через Ruby","<ruby><dll><lib>","0"
"487290","Проблема c Rails","<ruby-on-rails>","0"
"719084","Как прибавить часы ко времени","<ruby-on-rails><ruby>","0"
"777093","Запуск Rails на Apache","<linux><ruby-on-rails><apache2><passenger>","0"
"592379","Подсчитайте количество счастливых билетов, у которых сумма первых трёх цифр равна N","<c++><инспекция-кода>","0"
"510969","Heroku + PHP + SQLite","<php><sqlite><развертывание><heroku>","0"
"433525","как мне выполнить db:migrate на RubyOnRails","<ruby-on-rails>","0"
"722551","Скачивание папок через wget","<linux>","0"
"510051","Создание страницы для модели в RoR","<ruby-on-rails><mvc><haml>","0"
"664374","Ошибка в коде clojure","<clojure>","0"
"495916","Как в одном запросе заполнить поля и user_id и anime_id?","<ruby-on-rails>","0"
"649693","Переменный тэг в Haml","<haml>","0"
"476005","Ошибка при создании/удалении ассоциации","<ruby-on-rails>","0"
"433687","Что следует выбрать для разработки виртуального пианино - Java или Flash?","<flash><java>","0"
"641960","Хранимые процедуры VS ORM","<база-данных><ruby-on-rails><activerecord>","0"
"768758","Запись в побайтовом режиме Ruby","<ruby>","0"
"637288","Как исправить дублирование при SQL запросе с использованием MAX","<sql><ruby-on-rails>","0"
"663387","ошибка при запуске spork","<ruby-on-rails>","0"
"494584","почему not found: compass?","<npm><compass><grunt>","0"
"745131","Уникальность в полях двух разных таблиц","<postgresql>","0"
"510708","Как правильно реализовать ассоциацию?","<ruby-on-rails>","0"
"519922","Полнотекстовый поиск в таблице, БД MySQL","<mysql>","0"
"659192","Как файловая система ext4 распределяет данные?","<raid><ext4>","0"
"507811","Запрос на выдачу всех постов\поста","<mysql><база-данных><node.js>","0"
"638936","symfony 2 3 бизнес логика","<mvc><symfony>","0"
"592788","Как на WordPress сделать pdf фаил только для просмотра?","<wordpress>","0"
"749081","как в рельсах получить адрес входящего запроса?","<ruby-on-rails><http>","0"
"831816","Как понимать работу jvm?","<java><jvm><байткод>","0"
"684114","Не обновляется nodejs","<node.js>","0"
"513362","Как сделать три уровня кавычек в bash?","<linux><postgresql><bash>","0"
"656710","update_attributes rails","<ruby-on-rails>","0"
"499525","Как создать вложенную форму для связи many to many through?","<ruby-on-rails><activerecord>","0"
"646441","Как правильно пробросить сервис sendmail внутрь docker контейнера","<linux><docker><docker-compose>","0"
"599633","Как вытащить из тела HTML информацию о медиа объекте?","<ruby-on-rails>","0"